/Game/Extinction/Dinos/Spindles/Spindles_Character_BP.Spindles_Character_BP_C
/Game/LostColony/Dinos/YoungIceFox/YoungIceFox_DinoCompanion_Character_WildClone_BP.YoungIceFox_DinoCompanion_Character_WildClone_BP_C
/Game/Packs/Frontier/Dinos/Train/Train_Character.Train_Character_C
/Game/Packs/Steampunk/Dinos/HelperBot/HelperBot_Character_BP.HelperBot_Character_BP_C
/Game/Packs/Steampunk/Dinos/Zeppelin/Zeppelin_Character_BP.Zeppelin_Character_BP_C
/Game/Packs/Wasteland/Dinos/Doggo/Doggo_Character_BP.Doggo_Character_BP_C

/Game/PrimalEarth/Dinos/Bigfoot/Yeti_Character_BP.Yeti_Character_BP_C
/Game/PrimalEarth/Dinos/Dodo/ZombieDodo_Character_BP.ZombieDodo_Character_BP_C

/Game/PrimalEarth/Dinos/Megalosaurus/Megalosaurus_Character_BP_TekCave.Megalosaurus_Character_BP_TekCave_C

/Game/PrimalEarth/Dinos/Purlovia/Purlovia_Character_BP_Polar.Purlovia_Character_BP_Polar_C
/Game/PrimalEarth/Dinos/Yutyrannus/Yutyrannus_Character_BP.Yutyrannus_Character_BP_C
/Game/ScorchedEarth/Dinos/RockGolem/RubbleGolem_Character_BP.RubbleGolem_Character_BP_C
/PA_Ascension/Dinos/GreaterYuty/Paleo_Yutyrannus_Character_BP.Paleo_Yutyrannus_Character_BP_C
/PA_Ascension/Dinos/PaleoCarcha/Paleo_Carcha_Character_BP.Paleo_Carcha_Character_BP_C
/PA_Ascension/Dinos/PaleoFasola/Paleo_Fasola_Character_BP.Paleo_Fasola_Character_BP_C
/PA_Ascension/Dinos/PaleoGigantoraptor/Paleo_Gigantoraptor_Character_BP.Paleo_Gigantoraptor_Character_BP_C
/PA_Ascension/Dinos/PaleoKentro/Paleo_Kentro_Character_BP.Paleo_Kentro_Character_BP_C
/PA_Ascension/Dinos/PaleoMegalosaur/Paleo_Megalosaurus_Character_BP.Paleo_Megalosaurus_Character_BP_C
/PA_Ascension/Dinos/PaleoMoschops/Paleo_Moschops_Character_BP.Paleo_Moschops_Character_BP_C
/PA_Ascension/Dinos/PaleoPurlovia/Paleo_Purlovia_Character_BP.Paleo_Purlovia_Character_BP_C
/PA_Ascension/Dinos/PaleoRaptor/Alpha/Paleo_AlphaRaptor_Character_BP.Paleo_AlphaRaptor_Character_BP_C
/PA_Ascension/Dinos/PaleoRaptor/Paleo_Raptor_Character_BP.Paleo_Raptor_Character_BP_C
/PA_Ascension/Dinos/PaleoSarco/Paleo_Sarco_Character_BP.Paleo_Sarco_Character_BP_C
/PA_Ascension/Dinos/PaleoSpino/Paleo_Spino_Character_BP.Paleo_Spino_Character_BP_C
/PA_Ascension/Dinos/PaleoStego/Paleo_Stego_Character_BP.Paleo_Stego_Character_BP_C
/PA_Ascension/Dinos/PaleoThyla/Paleo_Thylacoleo_Character_BP.Paleo_Thylacoleo_Character_BP_C
/PA_Ascension/Dinos/PaleoTrike/Paleo_Trike_Character_BP.Paleo_Trike_Character_BP_C
/PA_EVO_Pack_01/Dinos/EVO_Giga/EVO_Giga_Character_BP.EVO_Giga_Character_BP_C
/PA_EVO_Pack_01/Dinos/EVO_Rex/Alpha/EVO_Alpha_Rex_Character_BP.EVO_Alpha_Rex_Character_BP_C
/PA_EVO_Pack_01/Dinos/EVO_Rex/EVO_Rex_Character_BP.EVO_Rex_Character_BP_C
/PA_EVO_Pack_01/Dinos/EVO_Rex/Legacy/EVO_Legacy_Rex_Character_BP.EVO_Legacy_Rex_Character_BP_C
/PA_EVO_Pack_01/Dinos/EVO_Rex/Paleo/EVO_Paleo_Rex_Character_BP.EVO_Paleo_Rex_Character_BP_C
/PA_EVO_Pack_02/Dinos/EVO_Mosa/EVO_Mosa_Character_BP.EVO_Mosa_Character_BP_C
/SummerBash/Dinos/CoolPenguin/Kairuku_Character_BP_SummerBash.Kairuku_Character_BP_SummerBash_C